{
  "model": "meta-llama/Llama-3.2-1B",
  "phase": "P1_embedding_only",
  "checkpoint": "final",
  "vocab_size": 172451,
  "dim": 2048,
  "base_vocab": 128256,
  "new_tokens": 44195,
  "training_data": [
    "FW_TEXT.txt",
    "wake_lexicon.txt"
  ],
  "hyperparameters": {
    "lr": 0.0002,
    "warmup_steps": 150,
    "weight_decay": 0.0,
    "max_steps": 3000,
    "batch_size": 1,
    "grad_accum": 16,
    "seq_len": 512,
    "gradient_masking": true,
    "embedding_init": "spherical"
  },
  "norms": {
    "global": {
      "mean": 1.1199603080749512,
      "std": 0.24036337435245514,
      "min": 0.5442078709602356,
      "max": 1.5919517278671265
    },
    "base": {
      "mean": 0.9870073199272156,
      "std": 0.09309908002614975
    },
    "new": {
      "mean": 1.5057960748672485,
      "std": 0.010884742252528667
    },
    "welch_t": {
      "t": -1957.1975224835974,
      "p": 0.0
    },
    "mann_whitney_u": {
      "U": 0.0,
      "p": 0.0
    },
    "cohens_d": -7.827301502227783
  },
  "isotropy": {
    "all": {
      "score": 0.9506117105484009,
      "mean_cos": 0.0011231411481276155,
      "n": 5000
    },
    "base": {
      "score": 0.9829611778259277,
      "mean_cos": 8.699934551259503e-05,
      "n": 5000
    },
    "new": {
      "score": 0.9979101419448853,
      "mean_cos": -2.1091151211294346e-05,
      "n": 5000
    }
  },
  "pairwise_cosine": {
    "base_base": {
      "mean": 0.13168767094612122,
      "std": 0.06313939392566681
    },
    "new_new": {
      "mean": 0.003381400601938367,
      "std": 0.022796547040343285
    },
    "base_new": {
      "mean": 0.00313364714384079,
      "std": 0.022412016987800598
    },
    "ks_test_bb_vs_nn": {
      "D": 0.9004072036018009,
      "p": 0.0
    }
  },
  "intrinsic_dim": {
    "base_90pct": 101,
    "base_95pct": 101,
    "new_90pct": 101,
    "new_95pct": 101,
    "base_top1_var": 0.013801200315356255,
    "new_top1_var": 0.0021357391960918903
  },
  "loss": {
    "final_train": 61.2275,
    "final_eval": 5.4604034423828125,
    "best_eval": 5.364315986633301
  },
  "drift": {
    "base_cosine_mean": 1.0,
    "base_cosine_std": 7.399171408906113e-08,
    "base_l2_mean": 0.0,
    "wake_cosine_mean": 0.9695994257926941,
    "wake_cosine_std": 0.012723753228783607,
    "wake_l2_mean": 0.3607611358165741
  }
}
