{
  "model": "meta-llama/Llama-3.2-3B",
  "phase": "P1_embedding_only",
  "checkpoint": "final",
  "vocab_size": 172451,
  "dim": 3072,
  "base_vocab": 128256,
  "new_tokens": 44195,
  "training_data": [
    "FW_TEXT.txt",
    "wake_lexicon.txt"
  ],
  "hyperparameters": {
    "lr": 0.0002,
    "warmup_steps": 150,
    "weight_decay": 0.0,
    "max_steps": 3000,
    "batch_size": 1,
    "grad_accum": 16,
    "seq_len": 512,
    "gradient_masking": true,
    "embedding_init": "spherical"
  },
  "norms": {
    "global": {
      "mean": 1.3058069944381714,
      "std": 0.2878951132297516,
      "min": 0.639019787311554,
      "max": 1.856643557548523
    },
    "base": {
      "mean": 1.1474523544311523,
      "std": 0.11625728756189346
    },
    "new": {
      "mean": 1.7653595209121704,
      "std": 0.01521669514477253
    },
    "welch_t": {
      "t": -1857.8213060113903,
      "p": 0.0
    },
    "mann_whitney_u": {
      "U": 0.0,
      "p": 0.0
    },
    "cohens_d": -7.452971458435059
  },
  "isotropy": {
    "all": {
      "score": 0.9464126229286194,
      "mean_cos": 0.0013129391008988023,
      "n": 5000
    },
    "base": {
      "score": 0.982568621635437,
      "mean_cos": 0.00010348321666242555,
      "n": 5000
    },
    "new": {
      "score": 0.9983391761779785,
      "mean_cos": -2.1982636098982766e-05,
      "n": 5000
    }
  },
  "pairwise_cosine": {
    "base_base": {
      "mean": 0.1438705176115036,
      "std": 0.065529003739357
    },
    "new_new": {
      "mean": 0.0015382390702143312,
      "std": 0.018731700256466866
    },
    "base_new": {
      "mean": 0.0030882288701832294,
      "std": 0.018299071118235588
    },
    "ks_test_bb_vs_nn": {
      "D": 0.9413026513256628,
      "p": 0.0
    }
  },
  "intrinsic_dim": {
    "base_90pct": 101,
    "base_95pct": 101,
    "new_90pct": 101,
    "new_95pct": 101,
    "base_top1_var": 0.012000583112239838,
    "new_top1_var": 0.001046378049068153
  },
  "loss": {
    "final_train": 26.924306640625,
    "final_eval": 7.086671352386475,
    "best_eval": 6.684719562530518
  }
}