{
  "model": "TinyLlama/TinyLlama-1.1B-Chat-v1.0",
  "version": "v3",
  "checkpoint": "final",
  "vocab_size": 76500,
  "dim": 2048,
  "base_vocab": 32000,
  "new_tokens": 44500,
  "hyperparameters": {
    "lr": 0.0003,
    "warmup_ratio": 0.1,
    "weight_decay": 0.0,
    "max_steps": 3000,
    "batch_size": 1,
    "grad_accum": 16,
    "init_noise_scale": 0.1
  },
  "norms": {
    "global": {
      "mean": 0.630364179611206,
      "std": 0.20400837063789368,
      "min": 0.17741458117961884,
      "max": 1.1195385456085205
    },
    "base": {
      "mean": 0.8560410141944885,
      "std": 0.07075493037700653
    },
    "new": {
      "mean": 0.46807965636253357,
      "std": 0.07062473148107529
    },
    "welch_t": {
      "t": 748.659411051538,
      "p": 0.0
    },
    "mann_whitney_u": {
      "U": 1422303289.0,
      "p": 0.0
    },
    "cohens_d": 5.488217830657959
  },
  "isotropy": {
    "all": {
      "score": 0.7807884812355042,
      "mean_cos": 0.005898546427488327,
      "n": 5000
    },
    "base": {
      "score": 0.9125792980194092,
      "mean_cos": 0.0022622309625148773,
      "n": 5000
    },
    "new": {
      "score": 0.7300295829772949,
      "mean_cos": 0.007307784166187048,
      "n": 5000
    }
  },
  "pairwise_cosine": {
    "base_base": {
      "mean": 0.22894078493118286,
      "std": 0.19302263855934143
    },
    "new_new": {
      "mean": 0.2510364353656769,
      "std": 0.29516053199768066
    },
    "base_new": {
      "mean": 0.22661881148815155,
      "std": 0.24555771052837372
    },
    "ks_test_bb_vs_nn": {
      "D": 0.2902296148074037,
      "p": 0.0
    }
  },
  "intrinsic_dim": {
    "base_90pct": 101,
    "base_95pct": 101,
    "new_90pct": 101,
    "new_95pct": 101,
    "base_top1_var": 0.09294156730175018,
    "new_top1_var": 0.33373314142227173
  },
  "loss": {
    "final_train": 0.0213,
    "final_eval": 8.508817672729492,
    "best_eval": 6.274730682373047
  }
}